ADC1,ADC2,ADC3,ADC4,ADC5,ADC6,ADC7,ADC8,Counter,Timestamp
95,533,545,562,529,552,552,544,1,2025-04-15 14:03:49.168
528535,495,533,545,560,528,552,549,2,2025-04-15 14:03:49.172
528536,499,545,555,569,537,560,560,3,2025-04-15 14:03:49.176
528537,492,546,560,573,537,564,555,4,2025-04-15 14:03:49.180
528538,495,540,553,567,535,558,558,5,2025-04-15 14:03:49.184
528539,492,535,546,564,527,555,548,6,2025-04-15 14:03:49.188
528540,498,534,548,562,530,553,553,7,2025-04-15 14:03:49.192
528541,501,543,555,571,539,561,559,8,2025-04-15 14:03:49.197
528542,495,545,555,576,537,565,557,9,2025-04-15 14:03:49.201
528543,498,542,555,570,535,552,557,10,2025-04-15 14:03:49.205
528544,495,537,545,565,528,556,546,11,2025-04-15 14:03:49.209
528545,498,536,543,564,529,554,551,12,2025-04-15 14:03:49.213
528546,501,544,558,573,540,563,562,13,2025-04-15 14:03:49.217
528547,498,544,558,572,536,563,563,14,2025-04-15 14:03:49.221
528548,496,544,551,571,535,561,555,15,2025-04-15 14:03:49.225
528549,495,532,544,559,528,551,550,16,2025-04-15 14:03:49.229
528550,496,538,539,566,530,556,548,17,2025-04-15 14:03:49.233
528551,501,545,555,570,539,562,563,18,2025-04-15 14:03:49.237
528552,495,547,554,573,539,565,560,19,2025-04-15 14:03:49.241
528553,496,543,544,569,536,560,556,20,2025-04-15 14:03:49.245
528554,495,537,545,565,528,554,547,21,2025-04-15 14:03:49.249
528555,494,542,545,565,526,555,547,22,2025-04-15 14:03:49.253
528556,498,545,555,572,536,560,558,23,2025-04-15 14:03:49.257
528557,497,544,556,571,539,562,562,24,2025-04-15 14:03:49.261
528558,494,541,553,568,533,559,556,25,2025-04-15 14:03:49.265
528559,493,534,542,560,523,554,545,26,2025-04-15 14:03:49.269
528560,500,538,548,566,529,556,548,27,2025-04-15 14:03:49.273
528561,499,545,557,573,538,566,563,28,2025-04-15 14:03:49.277
528562,496,545,557,568,538,563,560,29,2025-04-15 14:03:49.281
528563,500,542,555,569,535,560,557,30,2025-04-15 14:03:49.285
528564,491,535,546,563,528,553,547,31,2025-04-15 14:03:49.289
528565,496,538,544,563,528,554,548,32,2025-04-15 14:03:49.293
528566,496,546,553,574,536,571,555,33,2025-04-15 14:03:49.297
528567,494,548,554,575,537,566,555,34,2025-04-15 14:03:49.301
528568,498,541,555,569,536,557,559,35,2025-04-15 14:03:49.305
528569,497,538,545,563,527,555,549,36,2025-04-15 14:03:49.309
528570,499,542,551,570,533,561,553,37,2025-04-15 14:03:49.313
528571,500,545,557,574,541,564,563,38,2025-04-15 14:03:49.317
528572,495,551,557,579,538,568,558,39,2025-04-15 14:03:49.321
528573,501,543,556,571,537,562,561,40,2025-04-15 14:03:49.325
528574,500,536,548,564,531,553,554,41,2025-04-15 14:03:49.329
528575,502,541,556,567,535,561,557,42,2025-04-15 14:03:49.333
528576,503,546,560,574,543,564,565,43,2025-04-15 14:03:49.337
528577,499,547,558,574,542,564,563,44,2025-04-15 14:03:49.341
528578,499,541,554,572,535,561,555,45,2025-04-15 14:03:49.345
528579,495,535,544,563,526,556,546,46,2025-04-15 14:03:49.349
528580,501,540,548,567,535,557,551,47,2025-04-15 14:03:49.353
528581,497,549,559,578,533,567,560,48,2025-04-15 14:03:49.357
528582,499,548,557,576,539,566,559,49,2025-04-15 14:03:49.361
528583,498,544,551,570,533,562,554,50,2025-04-15 14:03:49.365
528584,493,536,547,563,526,555,546,51,2025-04-15 14:03:49.370
528585,499,542,550,570,533,560,550,52,2025-04-15 14:03:49.374
528586,498,546,558,573,539,565,562,53,2025-04-15 14:03:49.378
528587,495,544,556,570,539,562,560,54,2025-04-15 14:03:49.382
528588,496,542,552,569,533,559,555,55,2025-04-15 14:03:49.386
528589,497,536,542,565,526,555,545,56,2025-04-15 14:03:49.390
528590,502,539,553,567,534,557,557,57,2025-04-15 14:03:49.394
528591,498,549,557,577,536,564,557,58,2025-04-15 14:03:49.398
528592,497,548,559,576,541,567,567,59,2025-04-15 14:03:49.402
528593,497,544,549,571,533,562,552,60,2025-04-15 14:03:49.406
528594,497,535,543,564,525,555,546,61,2025-04-15 14:03:49.410
528595,503,540,551,568,532,552,553,62,2025-04-15 14:03:49.414
528596,497,548,556,576,537,564,560,63,2025-04-15 14:03:49.418
528597,492,544,552,572,535,563,555,64,2025-04-15 14:03:49.422
528598,498,537,550,565,533,557,556,65,2025-04-15 14:03:49.426
528599,496,532,545,561,527,550,551,66,2025-04-15 14:03:49.430
528600,500,539,551,569,533,558,555,67,2025-04-15 14:03:49.434
528601,497,550,558,579,539,567,560,68,2025-04-15 14:03:49.438
528602,497,551,555,577,539,568,557,69,2025-04-15 14:03:49.442
528603,498,537,551,566,541,558,558,70,2025-04-15 14:03:49.446
528604,501,537,549,564,530,554,554,71,2025-04-15 14:03:49.450
528605,497,544,550,571,539,562,553,72,2025-04-15 14:03:49.454
528606,502,546,560,575,543,565,560,73,2025-04-15 14:03:49.458
528607,500,543,557,574,540,566,560,74,2025-04-15 14:03:49.462
528608,499,540,551,568,535,558,558,75,2025-04-15 14:03:49.466
528609,501,536,549,565,530,555,553,76,2025-04-15 14:03:49.470
528610,500,547,551,573,536,563,555,77,2025-04-15 14:03:49.474
528611,504,550,563,578,544,566,564,78,2025-04-15 14:03:49.478
528612,499,551,558,579,539,569,560,79,2025-04-15 14:03:49.485
528613,503,541,555,571,536,559,560,80,2025-04-15 14:03:49.486
528614,498,538,548,567,529,557,550,81,2025-04-15 14:03:49.490
528615,502,546,554,572,536,562,556,82,2025-04-15 14:03:49.494
528616,501,552,559,580,543,570,563,83,2025-04-15 14:03:49.498
528617,501,549,553,576,539,566,561,84,2025-04-15 14:03:49.502
528618,502,541,554,569,536,558,559,85,2025-04-15 14:03:49.506
528619,501,543,548,570,528,560,550,86,2025-04-15 14:03:49.510
528620,504,550,555,575,539,565,559,87,2025-04-15 14:03:49.514
528621,500,553,560,579,541,571,564,88,2025-04-15 14:03:49.518
528622,502,550,561,576,542,567,566,89,2025-04-15 14:03:49.522
528623,498,543,552,571,534,561,554,90,2025-04-15 14:03:49.526
528624,504,540,551,567,533,557,553,91,2025-04-15 14:03:49.532
528625,508,544,558,575,540,566,562,92,2025-04-15 14:03:49.534
528626,504,553,564,581,544,570,564,93,2025-04-15 14:03:49.538
528627,501,551,560,576,541,567,561,94,2025-04-15 14:03:49.542
528628,502,548,552,571,535,562,554,95,2025-04-15 14:03:49.547
528629,500,539,550,569,533,558,555,96,2025-04-15 14:03:49.551
528630,506,548,557,578,538,567,559,97,2025-04-15 14:03:49.555
528631,505,552,565,580,546,569,569,98,2025-04-15 14:03:49.559
528632,505,551,560,579,543,568,561,99,2025-04-15 14:03:49.563
528633,504,546,553,574,535,564,555,100,2025-04-15 14:03:49.567
528634,506,541,554,568,535,558,558,101,2025-04-15 14:03:49.571
528635,504,551,557,580,537,570,558,102,2025-04-15 14:03:49.575
528636,508,555,567,583,547,570,572,103,2025-04-15 14:03:49.579
528637,505,551,562,580,542,570,564,104,2025-04-15 14:03:49.583
528638,506,543,558,572,540,562,563,105,2025-04-15 14:03:49.587
528639,506,547,551,573,535,563,554,106,2025-04-15 14:03:49.591
528640,509,555,560,578,542,569,563,107,2025-04-15 14:03:49.595
528641,506,553,565,582,547,567,568,108,2025-04-15 14:03:49.602
528642,502,550,561,579,542,565,562,109,2025-04-15 14:03:49.603
528643,505,546,554,572,537,562,560,110,2025-04-15 14:03:49.607
528644,505,543,554,567,536,559,560,111,2025-04-15 14:03:49.612
528645,509,548,562,575,544,565,565,112,2025-04-15 14:03:49.615
528646,505,554,564,583,544,577,565,113,2025-04-15 14:03:49.619
528647,505,550,562,577,543,569,566,114,2025-04-15 14:03:49.623
528648,502,543,553,570,535,560,556,115,2025-04-15 14:03:49.627
528649,504,544,551,572,535,563,556,116,2025-04-15 14:03:49.631
528650,503,546,558,576,539,566,562,117,2025-04-15 14:03:49.635
528651,502,554,561,582,543,572,567,118,2025-04-15 14:03:49.639
528652,500,550,559,578,532,567,559,119,2025-04-15 14:03:49.643
528653,506,543,555,571,536,561,557,120,2025-04-15 14:03:49.647
528654,503,543,550,571,532,561,551,121,2025-04-15 14:03:49.651
528655,504,549,558,580,540,569,560,122,2025-04-15 14:03:49.655
528656,503,554,562,582,544,567,566,123,2025-04-15 14:03:49.659
528657,500,547,559,577,540,567,561,124,2025-04-15 14:03:49.663
528658,501,541,552,569,533,560,552,125,2025-04-15 14:03:49.683
528659,504,540,553,567,534,559,558,126,2025-04-15 14:03:49.683
528660,505,552,558,579,540,569,560,127,2025-04-15 14:03:49.683
528661,502,552,564,578,544,566,565,128,2025-04-15 14:03:49.684
528662,500,551,558,579,539,567,559,129,2025-04-15 14:03:49.684
528663,503,542,553,570,536,560,557,130,2025-04-15 14:03:49.687
528664,501,541,552,560,533,560,555,131,2025-04-15 14:03:49.691
528665,505,547,558,575,541,566,564,132,2025-04-15 14:03:49.695
528666,501,552,560,578,542,568,561,133,2025-04-15 14:03:49.699
528667,501,543,558,572,539,564,563,134,2025-04-15 14:03:49.703
528668,501,538,549,566,533,556,555,135,2025-04-15 14:03:49.707
528669,501,540,549,567,532,558,553,136,2025-04-15 14:03:49.711
528670,505,547,559,576,541,565,566,137,2025-04-15 14:03:49.715
528671,494,553,559,580,541,571,561,138,2025-04-15 14:03:49.720
528672,504,547,557,575,541,559,564,139,2025-04-15 14:03:49.730
528673,501,540,550,570,531,566,552,140,2025-04-15 14:03:49.730
528674,500,540,550,569,532,560,553,141,2025-04-15 14:03:49.732
528675,502,549,560,577,539,568,559,142,2025-04-15 14:03:49.736
528676,496,552,558,579,540,568,561,143,2025-04-15 14:03:49.740
528677,501,544,559,571,538,563,560,144,2025-04-15 14:03:49.744
528678,496,537,548,566,531,556,552,145,2025-04-15 14:03:49.748
528679,501,536,550,566,534,557,556,146,2025-04-15 14:03:49.752
528680,501,547,565,576,539,565,562,147,2025-04-15 14:03:49.756
528681,499,548,556,578,540,567,559,148,2025-04-15 14:03:49.760
528682,499,547,554,573,538,564,558,149,2025-04-15 14:03:49.764
528683,498,536,548,563,532,555,555,150,2025-04-15 14:03:49.768
528684,498,544,546,569,531,560,550,151,2025-04-15 14:03:49.772
528685,504,546,557,574,541,565,564,152,2025-04-15 14:03:49.776
528686,500,546,558,574,540,562,560,153,2025-04-15 14:03:49.780
528687,496,546,552,571,535,563,553,154,2025-04-15 14:03:49.784
528688,499,535,549,564,531,554,553,155,2025-04-15 14:03:49.788
528689,499,537,550,566,531,556,555,156,2025-04-15 14:03:49.792
528690,500,548,557,573,540,564,562,157,2025-04-15 14:03:49.796
528691,501,546,560,574,545,567,564,158,2025-04-15 14:03:49.800
528692,493,545,552,573,535,564,552,159,2025-04-15 14:03:49.804
528693,497,536,545,564,528,555,547,160,2025-04-15 14:03:49.808
528694,498,541,550,570,532,559,551,161,2025-04-15 14:03:49.812
528695,502,545,560,573,543,564,563,162,2025-04-15 14:03:49.816
528696,498,545,557,572,539,564,563,163,2025-04-15 14:03:49.820
528697,500,544,554,571,537,562,560,164,2025-04-15 14:03:49.824
528698,497,537,545,565,528,556,547,165,2025-04-15 14:03:49.828
528699,498,533,549,566,531,557,552,166,2025-04-15 14:03:49.837
528700,499,549,557,576,538,569,559,167,2025-04-15 14:03:49.838
528701,496,551,558,578,538,567,558,168,2025-04-15 14:03:49.840
528702,498,544,552,571,535,562,557,169,2025-04-15 14:03:49.854
528703,501,536,540,563,532,554,555,170,2025-04-15 14:03:49.854
528704,501,542,552,569,535,559,560,171,2025-04-15 14:03:49.855
528705,502,547,558,577,540,567,560,172,2025-04-15 14:03:49.856
528706,498,549,557,578,538,565,560,173,2025-04-15 14:03:49.860
528707,499,544,552,570,535,563,553,174,2025-04-15 14:03:49.864
528708,498,537,545,565,528,555,549,175,2025-04-15 14:03:49.868
528709,501,541,554,568,534,556,556,176,2025-04-15 14:03:49.872
528710,500,550,558,580,539,569,559,177,2025-04-15 14:03:49.876
528711,501,547,558,574,542,564,563,178,2025-04-15 14:03:49.880
528712,501,543,555,572,538,562,558,179,2025-04-15 14:03:49.884
528713,499,543,550,565,531,555,553,180,2025-04-15 14:03:49.888
528714,500,542,554,568,536,560,556,181,2025-04-15 14:03:49.893
528715,500,550,557,578,539,567,560,182,2025-04-15 14:03:49.897
528716,500,547,559,576,542,567,564,183,2025-04-15 14:03:49.901
528717,501,545,556,570,537,561,557,184,2025-04-15 14:03:49.905
528718,486,535,546,565,527,555,545,185,2025-04-15 14:03:49.909
528719,504,540,555,569,535,558,560,186,2025-04-15 14:03:49.913
528720,501,547,558,576,541,566,565,187,2025-04-15 14:03:49.917
528721,498,545,557,573,539,564,562,188,2025-04-15 14:03:49.921
528722,497,542,552,569,531,560,551,189,2025-04-15 14:03:49.925
528723,501,536,547,562,531,553,552,190,2025-04-15 14:03:49.929
528724,499,538,551,567,533,558,555,191,2025-04-15 14:03:49.933
528725,495,550,557,578,538,566,560,192,2025-04-15 14:03:49.937
528726,500,548,560,574,542,566,565,193,2025-04-15 14:03:49.941
528727,500,543,556,570,538,562,560,194,2025-04-15 14:03:49.945
528728,498,541,547,567,529,558,548,195,2025-04-15 14:03:49.949
528729,503,543,551,571,536,560,556,196,2025-04-15 14:03:49.954
528730,498,549,556,578,538,567,560,197,2025-04-15 14:03:49.957
528731,495,548,557,576,537,566,558,198,2025-04-15 14:03:49.961
528732,501,541,553,568,536,558,557,199,2025-04-15 14:03:49.965
528733,498,538,548,565,530,556,548,200,2025-04-15 14:03:49.969
528734,504,543,554,570,535,562,556,201,2025-04-15 14:03:49.973
528735,503,550,561,576,542,567,565,202,2025-04-15 14:03:49.977
528736,501,547,561,576,541,566,564,203,2025-04-15 14:03:49.981
528737,500,542,555,569,536,559,558,204,2025-04-15 14:03:49.985
528738,500,541,547,567,530,560,549,205,2025-04-15 14:03:49.989
528739,502,546,555,571,535,563,557,206,2025-04-15 14:03:49.993
528740,500,551,560,577,540,567,563,207,2025-04-15 14:03:49.997
528741,500,547,560,573,541,564,563,208,2025-04-15 14:03:50.001
528742,489,543,552,571,533,562,554,209,2025-04-15 14:03:50.005
528743,501,537,548,566,532,556,554,210,2025-04-15 14:03:50.010
528744,500,546,552,572,534,563,554,211,2025-04-15 14:03:50.013
528745,499,546,558,576,540,566,563,212,2025-04-15 14:03:50.017
528746,499,547,558,574,541,566,563,213,2025-04-15 14:03:50.021
528747,499,542,552,569,540,560,554,214,2025-04-15 14:03:50.025
528748,501,537,548,563,529,553,552,215,2025-04-15 14:03:50.029
528749,501,541,556,569,538,560,560,216,2025-04-15 14:03:50.033
528750,496,551,560,578,541,571,560,217,2025-04-15 14:03:50.037
528751,501,547,557,577,540,565,562,218,2025-04-15 14:03:50.041
528752,497,543,549,570,532,561,551,219,2025-04-15 14:03:50.045
528753,501,538,550,570,535,556,555,220,2025-04-15 14:03:50.049
528754,503,545,557,572,539,562,562,221,2025-04-15 14:03:50.053
528755,501,548,561,576,541,567,563,222,2025-04-15 14:03:50.057
528756,498,551,557,576,537,565,558,223,2025-04-15 14:03:50.062
528757,501,545,551,572,533,563,553,224,2025-04-15 14:03:50.066
528758,502,536,550,565,533,556,555,225,2025-04-15 14:03:50.070
528759,503,545,552,570,539,562,560,226,2025-04-15 14:03:50.074
528760,500,552,559,580,540,568,560,227,2025-04-15 14:03:50.078
528761,499,547,557,575,539,565,560,228,2025-04-15 14:03:50.082
528762,497,540,552,567,534,558,558,229,2025-04-15 14:03:50.086
528763,503,539,550,568,530,557,550,230,2025-04-15 14:03:50.090
528764,503,546,557,572,539,563,562,231,2025-04-15 14:03:50.094
528765,505,551,565,579,544,567,566,232,2025-04-15 14:03:50.098
528766,500,548,558,578,537,567,559,233,2025-04-15 14:03:50.102
528767,504,539,552,566,534,558,556,234,2025-04-15 14:03:50.106
528768,498,539,548,567,530,557,550,235,2025-04-15 14:03:50.110
528769,501,550,556,576,536,565,551,236,2025-04-15 14:03:50.114
528770,501,548,560,576,541,567,565,237,2025-04-15 14:03:50.118
528771,499,550,557,579,535,567,558,238,2025-04-15 14:03:50.122
528772,501,542,552,570,536,560,556,239,2025-04-15 14:03:50.126
528773,500,538,548,566,530,557,551,240,2025-04-15 14:03:50.130
528774,504,548,557,576,537,565,560,241,2025-04-15 14:03:50.134
528775,500,549,561,576,542,567,565,242,2025-04-15 14:03:50.138
528776,498,547,555,574,538,564,558,243,2025-04-15 14:03:50.142
528777,499,542,549,570,533,561,552,244,2025-04-15 14:03:50.146
528778,493,538,551,566,532,557,556,245,2025-04-15 14:03:50.150
528779,503,543,558,573,540,562,562,246,2025-04-15 14:03:50.154
528780,498,549,560,576,539,567,562,247,2025-04-15 14:03:50.158
528781,501,545,554,574,540,564,559,248,2025-04-15 14:03:50.162
528782,501,540,550,567,531,558,553,249,2025-04-15 14:03:50.169
528783,499,541,548,566,529,559,550,250,2025-04-15 14:03:50.171
528784,503,543,558,572,539,564,559,251,2025-04-15 14:03:50.174
528785,502,548,561,576,542,566,566,252,2025-04-15 14:03:50.178
528786,497,547,553,574,537,565,555,253,2025-04-15 14:03:50.182
528787,499,540,548,568,529,558,550,254,2025-04-15 14:03:50.186
528788,501,538,550,565,532,557,554,255,2025-04-15 14:03:50.190
528789,500,550,555,577,537,566,557,256,2025-04-15 14:03:50.194
528790,496,545,558,575,540,565,561,257,2025-04-15 14:03:50.198
528791,499,545,549,572,538,562,560,258,2025-04-15 14:03:50.202
528792,498,540,547,567,529,557,550,259,2025-04-15 14:03:50.206
528793,501,536,547,566,530,555,551,260,2025-04-15 14:03:50.210
528794,504,545,556,574,540,563,562,261,2025-04-15 14:03:50.214
528795,497,546,558,576,539,565,563,262,2025-04-15 14:03:50.218
528796,498,547,554,573,536,563,555,263,2025-04-15 14:03:50.222
528797,501,538,550,564,531,555,554,264,2025-04-15 14:03:50.226
528798,496,538,546,567,529,558,549,265,2025-04-15 14:03:50.230
528799,500,550,557,578,540,567,558,266,2025-04-15 14:03:50.234
528800,500,547,559,576,540,565,562,267,2025-04-15 14:03:50.239
528801,498,544,554,569,537,561,560,268,2025-04-15 14:03:50.243
528802,498,539,553,567,529,557,549,269,2025-04-15 14:03:50.247
528803,500,537,550,564,530,554,554,270,2025-04-15 14:03:50.251
528804,501,544,556,576,536,565,557,271,2025-04-15 14:03:50.255
528805,500,547,559,576,539,566,562,272,2025-04-15 14:03:50.259
528806,495,546,553,574,537,564,556,273,2025-04-15 14:03:50.263
528807,498,538,545,566,531,557,550,274,2025-04-15 14:03:50.267
528808,498,541,548,568,530,559,550,275,2025-04-15 14:03:50.271
528809,502,546,559,576,540,564,565,276,2025-04-15 14:03:50.275
528810,498,547,559,577,541,567,563,277,2025-04-15 14:03:50.279
528811,499,547,553,575,537,564,556,278,2025-04-15 14:03:50.283
528812,498,539,546,566,529,557,549,279,2025-04-15 14:03:50.287
528813,501,537,551,568,531,557,553,280,2025-04-15 14:03:50.291
528814,503,546,559,575,542,565,563,281,2025-04-15 14:03:50.295
528815,498,549,559,574,541,565,563,282,2025-04-15 14:03:50.299
528816,497,544,552,573,536,564,555,283,2025-04-15 14:03:50.303
528817,501,537,550,565,532,554,554,284,2025-04-15 14:03:50.307
528818,499,541,550,570,531,564,551,285,2025-04-15 14:03:50.311
528819,503,546,560,573,542,564,564,286,2025-04-15 14:03:50.315
528820,502,549,562,578,543,566,566,287,2025-04-15 14:03:50.319
528821,505,546,553,573,535,564,552,288,2025-04-15 14:03:50.323
528822,500,539,547,564,529,555,549,289,2025-04-15 14:03:50.327
528823,501,537,551,567,533,557,555,290,2025-04-15 14:03:50.331
528824,499,549,565,577,538,567,560,291,2025-04-15 14:03:50.335
528825,497,548,558,576,539,567,561,292,2025-04-15 14:03:50.339
528826,501,544,556,572,539,562,562,293,2025-04-15 14:03:50.343
528827,503,537,552,565,533,557,559,294,2025-04-15 14:03:50.347
528828,500,543,554,570,533,560,554,295,2025-04-15 14:03:50.351
528829,503,553,561,580,544,569,560,296,2025-04-15 14:03:50.355
528830,502,548,561,576,543,566,566,297,2025-04-15 14:03:50.359
528831,498,547,554,574,536,564,555,298,2025-04-15 14:03:50.363
528832,502,540,550,567,533,557,556,299,2025-04-15 14:03:50.367
528833,503,545,552,571,536,562,553,300,2025-04-15 14:03:50.371
528834,502,552,559,580,541,570,562,301,2025-04-15 14:03:50.375
528835,503,552,562,578,544,566,566,302,2025-04-15 14:03:50.379
528836,502,547,558,572,540,564,561,303,2025-04-15 14:03:50.383
528837,500,537,551,565,533,557,555,304,2025-04-15 14:03:50.387
528838,506,543,555,571,535,561,561,305,2025-04-15 14:03:50.391
528839,503,550,559,578,541,570,563,306,2025-04-15 14:03:50.395
528840,501,553,561,580,543,570,566,307,2025-04-15 14:03:50.399
528841,503,544,557,572,539,563,563,308,2025-04-15 14:03:50.403
528842,503,538,551,564,533,551,555,309,2025-04-15 14:03:50.407
528843,509,545,556,569,538,561,560,310,2025-04-15 14:03:50.412
528844,506,552,562,579,545,567,569,311,2025-04-15 14:03:50.416
528845,501,552,558,580,540,570,560,312,2025-04-15 14:03:50.420
528846,501,548,553,576,536,566,557,313,2025-04-15 14:03:50.424
528847,503,540,550,567,534,557,555,314,2025-04-15 14:03:50.428
528848,502,547,554,575,537,564,554,315,2025-04-15 14:03:50.432
528849,504,551,561,580,541,570,564,316,2025-04-15 14:03:50.436
528850,503,554,562,581,544,570,563,317,2025-04-15 14:03:50.440
528851,501,550,554,576,535,566,556,318,2025-04-15 14:03:50.444
528852,500,541,549,569,530,560,549,319,2025-04-15 14:03:50.448
528853,502,547,553,573,538,566,555,320,2025-04-15 14:03:50.452
528854,502,552,561,580,541,571,562,321,2025-04-15 14:03:50.456
528855,505,550,563,578,543,567,569,322,2025-04-15 14:03:50.460
528856,502,547,556,573,538,565,559,323,2025-04-15 14:03:50.464
528857,499,540,547,560,529,558,549,324,2025-04-15 14:03:50.468
528858,502,546,553,574,536,563,557,325,2025-04-15 14:03:50.472
528859,502,550,561,578,543,569,565,326,2025-04-15 14:03:50.476
528860,502,549,561,576,542,566,566,327,2025-04-15 14:03:50.480
528861,501,546,552,572,535,563,556,328,2025-04-15 14:03:50.484
528862,500,537,547,566,528,557,550,329,2025-04-15 14:03:50.488
528863,503,544,553,570,536,559,559,330,2025-04-15 14:03:50.492
528864,504,549,562,574,543,567,566,331,2025-04-15 14:03:50.496
528865,502,549,562,578,544,566,567,332,2025-04-15 14:03:50.500
528866,500,545,553,573,535,562,556,333,2025-04-15 14:03:50.504
528867,505,539,549,565,531,556,551,334,2025-04-15 14:03:50.508
528868,505,547,556,573,543,564,561,335,2025-04-15 14:03:50.512
528869,500,552,558,580,540,568,560,336,2025-04-15 14:03:50.516
528870,502,548,562,576,541,565,565,337,2025-04-15 14:03:50.520
528871,496,541,550,570,525,562,553,338,2025-04-15 14:03:50.524
528872,502,537,550,565,532,554,555,339,2025-04-15 14:03:50.528
528873,504,545,556,571,538,561,560,340,2025-04-15 14:03:50.532
528874,503,549,562,578,542,567,566,341,2025-04-15 14:03:50.536
528875,498,546,557,577,538,567,560,342,2025-04-15 14:03:50.540
528876,499,538,551,572,535,561,553,343,2025-04-15 14:03:50.544
528877,502,538,550,564,529,557,552,344,2025-04-15 14:03:50.548
528878,503,543,556,571,537,562,560,345,2025-04-15 14:03:50.552
528879,501,549,561,578,540,569,562,346,2025-04-15 14:03:50.556
528880,501,545,558,574,542,564,564,347,2025-04-15 14:03:50.560
528881,497,542,549,570,532,560,551,348,2025-04-15 14:03:50.564
528882,500,537,548,566,530,558,550,349,2025-04-15 14:03:50.568
528883,504,544,556,571,539,562,561,350,2025-04-15 14:03:50.572
528884,500,553,557,579,541,570,561,351,2025-04-15 14:03:50.577
528885,498,549,561,574,541,564,564,352,2025-04-15 14:03:50.581
528886,500,544,550,573,532,561,551,353,2025-04-15 14:03:50.585
528887,499,541,547,567,531,556,551,354,2025-04-15 14:03:50.589
528888,497,545,551,572,533,564,554,355,2025-04-15 14:03:50.593
528889,498,545,558,577,542,566,562,356,2025-04-15 14:03:50.597
528890,502,547,559,577,539,563,564,357,2025-04-15 14:03:50.601
528891,500,540,551,568,531,558,554,358,2025-04-15 14:03:50.605
528892,501,537,548,563,529,555,550,359,2025-04-15 14:03:50.609
528893,501,544,556,573,539,565,561,360,2025-04-15 14:03:50.613
528894,501,550,561,577,542,567,563,361,2025-04-15 14:03:50.617
528895,500,544,556,574,539,563,562,362,2025-04-15 14:03:50.621
528896,500,547,552,565,534,556,555,363,2025-04-15 14:03:50.625
528897,498,538,546,566,529,557,548,364,2025-04-15 14:03:50.629
528898,504,545,555,571,539,560,562,365,2025-04-15 14:03:50.633
528899,498,549,561,577,542,568,562,366,2025-04-15 14:03:50.637
528900,500,544,556,571,541,562,562,367,2025-04-15 14:03:50.641
528901,499,538,549,566,533,557,556,368,2025-04-15 14:03:50.645
528902,500,539,547,568,528,559,548,369,2025-04-15 14:03:50.649
528903,503,546,558,574,539,565,562,370,2025-04-15 14:03:50.653
528904,502,553,559,581,541,571,560,371,2025-04-15 14:03:50.657
528905,498,547,559,573,542,564,563,372,2025-04-15 14:03:50.661
528906,498,538,549,568,530,559,550,373,2025-04-15 14:03:50.665
528907,503,537,551,561,532,556,555,374,2025-04-15 14:03:50.669
528908,503,544,556,571,539,561,561,375,2025-04-15 14:03:50.673
528909,498,548,557,576,538,567,559,376,2025-04-15 14:03:50.677
528910,499,546,556,572,539,564,561,377,2025-04-15 14:03:50.681
528911,501,538,551,566,533,557,555,378,2025-04-15 14:03:50.685
528912,497,538,549,566,529,556,554,379,2025-04-15 14:03:50.689
528913,502,549,558,576,538,566,560,380,2025-04-15 14:03:50.693
528914,499,546,559,576,539,566,562,381,2025-04-15 14:03:50.697
528915,499,547,557,575,538,564,559,382,2025-04-15 14:03:50.701
528916,503,536,548,564,531,556,553,383,2025-04-15 14:03:50.705
528917,497,535,548,562,530,553,553,384,2025-04-15 14:03:50.709
528918,502,545,558,573,539,564,563,385,2025-04-15 14:03:50.713
528919,501,548,558,577,543,567,567,386,2025-04-15 14:03:50.717
528920,499,544,556,571,539,562,560,387,2025-04-15 14:03:50.721
528921,499,541,549,567,539,557,555,388,2025-04-15 14:03:50.725
528922,503,538,552,567,533,559,557,389,2025-04-15 14:03:50.729
528923,506,547,559,576,539,565,562,390,2025-04-15 14:03:50.733
528924,502,552,560,579,540,569,561,391,2025-04-15 14:03:50.737
528925,501,543,561,572,540,563,562,392,2025-04-15 14:03:50.741
528926,501,538,550,566,532,556,553,393,2025-04-15 14:03:50.746
528927,499,539,548,566,531,557,553,394,2025-04-15 14:03:50.750
528928,502,544,556,573,541,563,562,395,2025-04-15 14:03:50.754
528929,499,550,551,578,539,568,560,396,2025-04-15 14:03:50.758
528930,498,546,555,572,536,563,555,397,2025-04-15 14:03:50.762
528931,496,539,546,567,529,558,552,398,2025-04-15 14:03:50.766
528932,500,536,549,565,530,555,551,399,2025-04-15 14:03:50.770
528933,501,548,555,576,537,566,560,400,2025-04-15 14:03:50.774
528934,493,549,557,576,536,567,557,401,2025-04-15 14:03:50.778
528935,500,545,557,572,538,562,561,402,2025-04-15 14:03:50.782
528936,497,535,539,563,531,554,554,403,2025-04-15 14:03:50.786
528937,497,540,547,567,529,558,546,404,2025-04-15 14:03:50.790
528938,501,548,556,574,538,566,560,405,2025-04-15 14:03:50.794
528939,497,547,558,576,538,566,562,406,2025-04-15 14:03:50.798
528940,497,544,553,572,535,562,558,407,2025-04-15 14:03:50.802
528941,496,538,546,567,528,556,547,408,2025-04-15 14:03:50.806
528942,500,537,549,568,534,555,554,409,2025-04-15 14:03:50.810
528943,499,552,555,577,536,566,557,410,2025-04-15 14:03:50.814
528944,500,548,560,574,542,566,564,411,2025-04-15 14:03:50.818
528945,499,545,555,572,536,562,556,412,2025-04-15 14:03:50.822
528946,497,534,546,565,529,554,549,413,2025-04-15 14:03:50.826
528947,500,538,549,565,531,556,553,414,2025-04-15 14:03:50.830
528948,502,545,557,575,541,565,563,415,2025-04-15 14:03:50.834
528949,499,546,560,574,543,565,566,416,2025-04-15 14:03:50.838
528950,496,542,556,569,537,562,557,417,2025-04-15 14:03:50.842
528951,501,537,548,566,530,557,552,418,2025-04-15 14:03:50.846
528952,501,540,549,569,531,559,552,419,2025-04-15 14:03:50.850
528953,502,546,559,575,543,567,562,420,2025-04-15 14:03:50.854
528954,501,545,558,574,541,565,564,421,2025-04-15 14:03:50.858
528955,501,544,555,572,537,562,559,422,2025-04-15 14:03:50.862
528956,499,539,547,567,529,557,549,423,2025-04-15 14:03:50.866
528957,501,540,551,567,533,558,554,424,2025-04-15 14:03:50.870
528958,502,551,559,579,539,570,560,425,2025-04-15 14:03:50.874
528959,497,549,558,578,539,568,559,426,2025-04-15 14:03:50.878
528960,502,542,557,573,531,562,562,427,2025-04-15 14:03:50.882
528961,501,536,547,564,531,555,553,428,2025-04-15 14:03:50.886
528962,503,540,555,567,536,558,558,429,2025-04-15 14:03:50.890
528963,500,548,556,578,538,568,557,430,2025-04-15 14:03:50.894
528964,497,548,557,580,539,568,559,431,2025-04-15 14:03:50.898
528965,502,543,556,569,539,563,559,432,2025-04-15 14:03:50.902
528966,500,537,549,565,531,554,553,433,2025-04-15 14:03:50.906
528967,503,542,553,570,535,560,553,434,2025-04-15 14:03:50.910
528968,505,545,562,577,543,568,567,435,2025-04-15 14:03:50.915
528969,500,544,560,574,543,566,566,436,2025-04-15 14:03:50.919
528970,500,547,555,576,537,565,556,437,2025-04-15 14:03:50.923
528971,498,540,548,568,529,559,550,438,2025-04-15 14:03:50.927
528972,500,543,554,572,535,563,554,439,2025-04-15 14:03:50.931
528973,503,550,556,579,539,569,560,440,2025-04-15 14:03:50.935
528974,503,551,563,578,543,569,566,441,2025-04-15 14:03:50.939
528975,504,543,558,573,541,561,563,442,2025-04-15 14:03:50.943
528976,501,540,548,568,530,556,551,443,2025-04-15 14:03:50.947
528977,503,546,552,571,535,564,555,444,2025-04-15 14:03:50.951
528978,503,550,561,578,543,569,566,445,2025-04-15 14:03:50.955
528979,498,546,559,576,540,565,563,446,2025-04-15 14:03:50.959
528980,505,540,556,571,536,561,560,447,2025-04-15 14:03:50.963
528981,511,536,549,565,532,555,554,448,2025-04-15 14:03:50.967
528982,502,544,551,570,534,561,555,449,2025-04-15 14:03:50.971
528983,503,550,559,579,540,570,560,450,2025-04-15 14:03:50.975
528984,499,552,558,580,541,571,560,451,2025-04-15 14:03:50.979
528985,502,545,557,571,540,563,562,452,2025-04-15 14:03:50.983
528986,499,541,548,568,526,560,550,453,2025-04-15 14:03:50.987
528987,503,545,556,572,539,563,561,454,2025-04-15 14:03:50.991
528988,505,551,567,579,543,568,564,455,2025-04-15 14:03:50.995
528989,500,550,561,578,540,569,562,456,2025-04-15 14:03:50.999
528990,502,545,555,570,538,561,560,457,2025-04-15 14:03:51.003
528991,497,537,548,565,531,555,550,458,2025-04-15 14:03:51.007
528992,506,545,553,570,534,562,556,459,2025-04-15 14:03:51.011
528993,503,552,558,580,539,569,560,460,2025-04-15 14:03:51.015
528994,499,553,557,578,539,568,560,461,2025-04-15 14:03:51.019
528995,498,544,549,570,535,564,553,462,2025-04-15 14:03:51.023
528996,501,538,552,565,532,556,555,463,2025-04-15 14:03:51.027
528997,500,552,553,573,536,563,554,464,2025-04-15 14:03:51.031
528998,504,549,562,576,542,567,566,465,2025-04-15 14:03:51.035
528999,496,550,557,577,538,567,559,466,2025-04-15 14:03:51.039
529000,502,542,558,569,536,559,559,467,2025-04-15 14:03:51.043
529001,497,539,546,567,529,558,549,468,2025-04-15 14:03:51.047
529002,502,543,556,571,538,560,560,469,2025-04-15 14:03:51.051
529003,503,547,557,575,540,567,560,470,2025-04-15 14:03:51.055
529004,498,549,559,578,539,567,559,471,2025-04-15 14:03:51.059
529005,500,541,554,568,535,558,557,472,2025-04-15 14:03:51.063
529006,501,537,548,565,530,555,553,473,2025-04-15 14:03:51.067
529007,501,547,553,572,536,564,553,474,2025-04-15 14:03:51.071
529008,504,549,562,576,543,567,566,475,2025-04-15 14:03:51.075
529009,499,546,557,577,538,566,560,476,2025-04-15 14:03:51.079
529010,500,540,551,567,534,558,552,477,2025-04-15 14:03:51.083
529011,500,538,549,565,531,555,554,478,2025-04-15 14:03:51.088
529012,501,547,554,574,536,564,555,479,2025-04-15 14:03:51.092
529013,504,548,559,578,542,569,563,480,2025-04-15 14:03:51.096
529014,497,549,557,578,538,567,558,481,2025-04-15 14:03:51.100
529015,499,544,550,570,532,561,552,482,2025-04-15 14:03:51.104
529016,497,538,545,564,527,558,550,483,2025-04-15 14:03:51.108
529017,501,542,555,571,537,561,560,484,2025-04-15 14:03:51.112
529018,499,557,558,579,540,568,559,485,2025-04-15 14:03:51.116
529019,499,541,558,574,540,564,562,486,2025-04-15 14:03:51.120
529020,496,540,551,567,533,559,557,487,2025-04-15 14:03:51.124
529021,502,537,550,566,532,556,554,488,2025-04-15 14:03:51.128
529022,502,544,558,571,539,561,561,489,2025-04-15 14:03:51.132
529023,490,552,559,580,541,570,561,490,2025-04-15 14:03:51.136
529024,504,547,559,575,544,563,563,491,2025-04-15 14:03:51.140
529025,501,541,553,571,535,558,556,492,2025-04-15 14:03:51.144
529026,502,538,551,566,533,558,556,493,2025-04-15 14:03:51.148
529027,503,549,557,578,539,567,560,494,2025-04-15 14:03:51.152
529028,503,549,566,578,543,568,565,495,2025-04-15 14:03:51.156
529029,501,547,559,576,541,567,563,496,2025-04-15 14:03:51.160
529030,498,533,551,570,534,561,553,497,2025-04-15 14:03:51.164
529031,501,540,549,567,532,558,555,498,2025-04-15 14:03:51.168
529032,504,551,558,580,540,567,563,499,2025-04-15 14:03:51.172
529033,506,553,563,581,545,571,565,500,2025-04-15 14:03:51.176
529034,503,548,560,576,540,567,564,501,2025-04-15 14:03:51.181
529035,499,542,548,570,533,559,552,502,2025-04-15 14:03:51.184
529036,502,543,549,571,532,561,552,503,2025-04-15 14:03:51.188
529037,505,549,559,577,543,567,562,504,2025-04-15 14:03:51.192
529038,504,551,564,579,545,568,568,505,2025-04-15 14:03:51.196
529039,497,550,557,577,538,567,558,506,2025-04-15 14:03:51.200
529040,503,541,553,570,535,560,553,507,2025-04-15 14:03:51.204
529041,501,542,551,569,533,560,552,508,2025-04-15 14:03:51.208
529042,506,550,557,579,540,569,560,509,2025-04-15 14:03:51.212
529043,502,556,560,575,543,571,561,510,2025-04-15 14:03:51.216
529044,506,552,558,577,539,569,557,511,2025-04-15 14:03:51.220
529045,503,543,554,571,535,564,554,512,2025-04-15 14:03:51.224
529046,504,544,549,570,533,562,550,513,2025-04-15 14:03:51.228
529047,508,549,561,577,541,566,566,514,2025-04-15 14:03:51.232
529048,504,552,564,576,545,569,566,515,2025-04-15 14:03:51.236
529049,504,548,562,577,540,564,564,516,2025-04-15 14:03:51.240
529050,506,542,556,570,542,559,559,517,2025-04-15 14:03:51.244
529051,503,543,552,571,534,562,555,518,2025-04-15 14:03:51.248
529052,507,550,561,578,541,568,562,519,2025-04-15 14:03:51.252
529053,507,553,565,580,544,569,567,520,2025-04-15 14:03:51.256
529054,504,548,560,573,543,565,564,521,2025-04-15 14:03:51.261
529055,501,544,548,569,533,560,552,522,2025-04-15 14:03:51.265
529056,501,541,549,570,531,560,550,523,2025-04-15 14:03:51.269
529057,505,552,559,580,541,577,560,524,2025-04-15 14:03:51.273
529058,500,552,561,580,543,570,564,525,2025-04-15 14:03:51.277
529059,503,549,559,576,538,565,563,526,2025-04-15 14:03:51.281
529060,505,542,554,567,536,558,558,527,2025-04-15 14:03:51.285
529061,505,542,554,571,534,562,556,528,2025-04-15 14:03:51.289
529062,508,550,562,576,543,567,566,529,2025-04-15 14:03:51.293
529063,500,554,561,581,544,569,563,530,2025-04-15 14:03:51.297
529064,504,547,559,575,539,566,561,531,2025-04-15 14:03:51.301
529065,504,540,552,566,528,558,557,532,2025-04-15 14:03:51.305
529066,502,544,551,570,535,561,556,533,2025-04-15 14:03:51.309
529067,507,550,562,577,544,566,568,534,2025-04-15 14:03:51.313
529068,502,549,562,577,544,573,568,535,2025-04-15 14:03:51.317
529069,502,548,557,577,536,565,560,536,2025-04-15 14:03:51.321
529070,502,540,551,569,534,559,556,537,2025-04-15 14:03:51.325
529071,503,540,553,566,535,559,558,538,2025-04-15 14:03:51.329
529072,506,548,561,576,542,565,560,539,2025-04-15 14:03:51.333
529073,500,552,560,578,540,570,560,540,2025-04-15 14:03:51.337
529074,503,545,557,574,541,565,562,541,2025-04-15 14:03:51.341
529075,498,539,547,566,529,557,548,542,2025-04-15 14:03:51.345
529076,503,542,553,570,533,561,554,543,2025-04-15 14:03:51.349
529077,504,549,561,574,542,566,565,544,2025-04-15 14:03:51.353
529078,499,548,559,576,540,565,564,545,2025-04-15 14:03:51.357
529079,501,546,557,575,531,563,560,546,2025-04-15 14:03:51.361
529080,498,536,549,565,532,555,555,547,2025-04-15 14:03:51.365
529081,502,539,554,566,534,557,556,548,2025-04-15 14:03:51.369
529082,501,549,557,578,538,567,560,549,2025-04-15 14:03:51.373
529083,498,547,560,573,540,566,565,550,2025-04-15 14:03:51.377
529084,497,544,551,572,534,563,554,551,2025-04-15 14:03:51.381
529085,498,537,546,565,528,555,548,552,2025-04-15 14:03:51.385
529086,500,539,554,567,531,558,555,553,2025-04-15 14:03:51.389
529087,500,546,556,576,537,567,560,554,2025-04-15 14:03:51.393
529088,498,546,558,574,542,564,563,555,2025-04-15 14:03:51.397
529089,496,545,553,571,533,561,553,556,2025-04-15 14:03:51.401
529090,499,539,545,565,528,556,547,557,2025-04-15 14:03:51.405
529091,500,541,551,571,533,560,551,558,2025-04-15 14:03:51.409
529092,501,546,560,574,542,565,564,559,2025-04-15 14:03:51.413
529093,499,545,557,574,542,565,565,560,2025-04-15 14:03:51.417
529094,500,546,556,571,538,563,556,561,2025-04-15 14:03:51.421
529095,501,538,550,567,533,556,555,562,2025-04-15 14:03:51.425
529096,505,542,556,569,535,560,555,563,2025-04-15 14:03:51.429
529097,502,551,560,579,539,569,560,564,2025-04-15 14:03:51.433
529098,501,546,559,572,542,565,564,565,2025-04-15 14:03:51.438
529099,500,544,555,571,536,562,557,566,2025-04-15 14:03:51.442
529100,495,536,543,566,527,556,547,567,2025-04-15 14:03:51.446
529101,498,540,551,567,533,555,555,568,2025-04-15 14:03:51.450
529102,500,548,559,576,540,565,564,569,2025-04-15 14:03:51.454
529103,496,546,558,576,535,565,560,570,2025-04-15 14:03:51.458
529104,499,547,552,573,536,564,555,571,2025-04-15 14:03:51.462
529105,498,538,548,567,530,558,549,572,2025-04-15 14:03:51.466
529106,502,542,552,570,535,561,555,573,2025-04-15 14:03:51.470
529107,499,548,556,577,538,567,561,574,2025-04-15 14:03:51.474
529108,497,547,556,576,537,565,560,575,2025-04-15 14:03:51.478
529109,498,546,552,572,534,563,554,576,2025-04-15 14:03:51.482
529110,500,533,546,561,531,552,551,577,2025-04-15 14:03:51.486
529111,499,540,554,569,536,559,559,578,2025-04-15 14:03:51.490
529112,498,550,557,578,538,568,558,579,2025-04-15 14:03:51.494
529113,500,547,560,573,542,564,563,580,2025-04-15 14:03:51.498
529114,501,542,556,570,538,559,560,581,2025-04-15 14:03:51.502
529115,498,539,548,566,531,557,552,582,2025-04-15 14:03:51.506
529116,504,543,556,570,538,561,560,583,2025-04-15 14:03:51.510
529117,502,552,559,579,541,570,563,584,2025-04-15 14:03:51.514
529118,498,548,556,579,539,566,562,585,2025-04-15 14:03:51.518
529119,498,544,549,571,533,562,552,586,2025-04-15 14:03:51.522
529120,501,537,549,563,531,553,554,587,2025-04-15 14:03:51.526
529121,501,544,552,570,535,562,555,588,2025-04-15 14:03:51.530
529122,503,547,561,576,543,564,564,589,2025-04-15 14:03:51.534
529123,501,547,560,574,542,565,565,590,2025-04-15 14:03:51.538
529124,500,543,552,570,534,560,553,591,2025-04-15 14:03:51.542
529125,498,538,548,567,530,558,551,592,2025-04-15 14:03:51.546
529126,503,543,555,568,537,560,560,593,2025-04-15 14:03:51.550
529127,501,551,558,580,540,570,560,594,2025-04-15 14:03:51.554
529128,499,549,556,576,537,566,560,595,2025-04-15 14:03:51.558
529129,501,544,550,571,534,562,553,596,2025-04-15 14:03:51.562
529130,499,539,546,567,529,558,550,597,2025-04-15 14:03:51.566
529131,505,544,557,573,537,563,561,598,2025-04-15 14:03:51.570
529132,503,552,560,578,543,567,561,599,2025-04-15 14:03:51.574
529133,498,551,558,580,539,570,560,600,2025-04-15 14:03:51.578
529134,504,540,554,568,534,559,558,601,2025-04-15 14:03:51.582
529135,502,538,551,564,533,555,555,602,2025-04-15 14:03:51.586
529136,502,546,554,573,536,563,556,603,2025-04-15 14:03:51.590
529137,500,551,560,578,539,571,560,604,2025-04-15 14:03:51.594
529138,502,546,560,574,544,563,564,605,2025-04-15 14:03:51.598
529139,499,541,551,569,532,558,554,606,2025-04-15 14:03:51.602
529140,499,535,547,563,530,552,553,607,2025-04-15 14:03:51.606
529141,501,543,554,572,537,562,558,608,2025-04-15 14:03:51.610
529142,501,552,560,578,542,568,561,609,2025-04-15 14:03:51.615
529143,501,547,560,573,543,564,564,610,2025-04-15 14:03:51.619
529144,498,541,550,569,533,560,554,611,2025-04-15 14:03:51.623
529145,499,540,548,567,530,557,551,612,2025-04-15 14:03:51.627
529146,504,545,556,572,538,562,560,613,2025-04-15 14:03:51.631
529147,501,548,560,577,543,567,563,614,2025-04-15 14:03:51.635
529148,503,548,559,576,540,568,561,615,2025-04-15 14:03:51.639
529149,500,543,553,571,533,561,552,616,2025-04-15 14:03:51.643
529150,502,537,550,565,533,555,554,617,2025-04-15 14:03:51.647
529151,503,549,555,576,536,564,556,618,2025-04-15 14:03:51.651
529152,503,552,567,581,542,571,564,619,2025-04-15 14:03:51.655
529153,498,549,557,578,539,567,560,620,2025-04-15 14:03:51.659
529154,502,541,555,571,536,560,557,621,2025-04-15 14:03:51.663
529155,502,542,550,569,531,559,553,622,2025-04-15 14:03:51.667
529156,504,544,555,573,538,563,559,623,2025-04-15 14:03:51.671
529157,498,550,560,576,540,567,563,624,2025-04-15 14:03:51.675
529158,498,550,557,573,538,567,560,625,2025-04-15 14:03:51.679
529159,501,540,552,568,531,559,553,626,2025-04-15 14:03:51.683
529160,502,540,545,568,533,558,554,627,2025-04-15 14:03:51.687
529161,502,549,556,576,536,567,556,628,2025-04-15 14:03:51.691
529162,504,549,563,576,543,568,567,629,2025-04-15 14:03:51.695
529163,502,549,558,578,538,567,561,630,2025-04-15 14:03:51.699
529164,499,537,550,572,533,557,554,631,2025-04-15 14:03:51.703
529165,502,537,550,566,534,557,554,632,2025-04-15 14:03:51.707
529166,505,545,555,574,539,565,559,633,2025-04-15 14:03:51.711
529167,504,552,563,579,544,567,568,634,2025-04-15 14:03:51.715
529168,501,546,559,573,541,564,565,635,2025-04-15 14:03:51.719
529169,499,539,551,567,532,559,553,636,2025-04-15 14:03:51.723
529170,500,540,549,568,531,559,552,637,2025-04-15 14:03:51.727
529171,503,544,555,572,538,563,560,638,2025-04-15 14:03:51.731
529172,501,548,560,574,536,565,565,639,2025-04-15 14:03:51.735
529173,495,547,553,576,535,564,555,640,2025-04-15 14:03:51.739
529174,501,541,550,568,532,558,554,641,2025-04-15 14:03:51.743
529175,496,538,546,564,529,557,549,642,2025-04-15 14:03:51.747
529176,500,549,557,576,536,566,557,643,2025-04-15 14:03:51.751
529177,500,550,560,578,539,567,562,644,2025-04-15 14:03:51.755
529178,499,546,556,573,534,564,561,645,2025-04-15 14:03:51.759
529179,501,536,550,565,533,554,558,646,2025-04-15 14:03:51.763
529180,502,539,550,567,531,556,551,647,2025-04-15 14:03:51.767
529181,502,550,557,578,540,567,560,648,2025-04-15 14:03:51.771
529182,499,551,559,580,541,570,560,649,2025-04-15 14:03:51.775
529183,499,550,558,576,538,567,560,650,2025-04-15 14:03:51.779
529184,500,540,549,568,531,555,554,651,2025-04-15 14:03:51.783
529185,500,536,548,563,532,555,553,652,2025-04-15 14:03:51.787
529186,501,547,557,576,538,564,562,653,2025-04-15 14:03:51.792
529187,501,549,561,576,539,565,564,654,2025-04-15 14:03:51.796
529188,497,547,554,573,537,565,557,655,2025-04-15 14:03:51.800
529189,499,542,549,569,532,559,551,656,2025-04-15 14:03:51.804
529190,497,539,548,568,528,557,550,657,2025-04-15 14:03:51.808
529191,501,544,556,573,540,564,562,658,2025-04-15 14:03:51.812
529192,500,547,560,574,543,566,565,659,2025-04-15 14:03:51.816
529193,498,547,554,575,537,567,559,660,2025-04-15 14:03:51.820
529194,500,539,550,567,532,557,554,661,2025-04-15 14:03:51.824
529195,499,540,551,565,532,556,554,662,2025-04-15 14:03:51.828
529196,504,546,559,574,542,564,563,663,2025-04-15 14:03:51.832
529197,494,551,557,577,539,567,558,664,2025-04-15 14:03:51.836
529198,498,548,557,576,535,565,556,665,2025-04-15 14:03:51.840
529199,500,536,549,565,532,554,555,666,2025-04-15 14:03:51.844
529200,499,538,550,566,532,556,551,667,2025-04-15 14:03:51.848
529201,502,545,557,573,539,564,561,668,2025-04-15 14:03:51.852
529202,502,546,557,575,542,564,563,669,2025-04-15 14:03:51.856
529203,495,545,552,570,534,562,554,670,2025-04-15 14:03:51.860
529204,495,536,542,565,527,556,547,671,2025-04-15 14:03:51.864
529205,500,535,547,564,531,555,553,672,2025-04-15 14:03:51.868
529206,498,547,555,573,537,563,557,673,2025-04-15 14:03:51.872
529207,495,545,558,573,540,563,562,674,2025-04-15 14:03:51.876
529208,498,543,555,569,536,558,560,675,2025-04-15 14:03:51.880
529209,499,536,546,563,529,553,553,676,2025-04-15 14:03:51.884
529210,497,528,547,563,529,553,550,677,2025-04-15 14:03:51.888
529211,498,544,556,571,538,562,560,678,2025-04-15 14:03:51.892
529212,498,545,558,573,540,564,562,679,2025-04-15 14:03:51.896
529213,497,544,550,571,533,562,555,680,2025-04-15 14:03:51.900
529214,506,535,548,561,530,553,553,681,2025-04-15 14:03:51.904
529215,498,541,554,569,531,559,551,682,2025-04-15 14:03:51.908
529216,499,547,555,573,539,564,560,683,2025-04-15 14:03:51.912
529217,498,544,556,572,539,563,561,684,2025-04-15 14:03:51.916
529218,496,544,550,571,533,562,553,685,2025-04-15 14:03:51.920
529219,496,531,546,560,528,550,552,686,2025-04-15 14:03:51.924
529220,498,537,548,563,530,554,553,687,2025-04-15 14:03:51.928
529221,497,547,555,574,537,565,557,688,2025-04-15 14:03:51.932
529222,495,550,557,576,537,567,557,689,2025-04-15 14:03:51.936
529223,498,542,553,569,534,560,555,690,2025-04-15 14:03:51.940
529224,497,528,544,559,528,550,551,691,2025-04-15 14:03:51.944
529225,497,539,548,566,529,556,552,692,2025-04-15 14:03:51.948
529226,500,547,557,576,537,564,557,693,2025-04-15 14:03:51.952
529227,495,547,556,574,538,565,558,694,2025-04-15 14:03:51.956
529228,500,542,555,569,536,554,560,695,2025-04-15 14:03:51.960
529229,495,537,545,564,527,555,548,696,2025-04-15 14:03:51.964
529230,501,541,550,570,532,561,551,697,2025-04-15 14:03:51.969
529231,498,549,558,577,538,567,560,698,2025-04-15 14:03:51.973
529232,499,548,556,577,539,568,559,699,2025-04-15 14:03:51.977
529233,499,544,551,572,533,563,553,700,2025-04-15 14:03:51.981
529234,496,536,553,565,528,555,548,701,2025-04-15 14:03:51.985
529235,503,540,553,567,535,559,557,702,2025-04-15 14:03:51.989
529236,502,548,560,576,541,566,564,703,2025-04-15 14:03:51.993
529237,498,547,557,574,540,564,560,704,2025-04-15 14:03:51.997
529238,501,542,557,571,538,561,560,705,2025-04-15 14:03:52.001
529239,498,538,547,566,529,556,549,706,2025-04-15 14:03:52.005
529240,510,540,552,567,534,559,558,707,2025-04-15 14:03:52.009
529241,501,546,560,574,542,564,564,708,2025-04-15 14:03:52.013
529242,491,551,560,577,541,567,563,709,2025-04-15 14:03:52.017
529243,502,543,558,571,538,561,564,710,2025-04-15 14:03:52.021
529244,496,539,547,566,529,565,548,711,2025-04-15 14:03:52.025
529245,501,546,552,573,535,563,554,712,2025-04-15 14:03:52.029
529246,502,552,561,579,540,569,560,713,2025-04-15 14:03:52.033
529247,503,547,559,576,542,565,565,714,2025-04-15 14:03:52.037
529248,502,545,554,571,537,562,558,715,2025-04-15 14:03:52.041
529249,502,537,550,565,533,556,554,716,2025-04-15 14:03:52.045
529250,509,543,552,573,535,563,553,717,2025-04-15 14:03:52.049
529251,503,549,560,576,541,567,562,718,2025-04-15 14:03:52.053
529252,503,548,559,576,542,567,564,719,2025-04-15 14:03:52.057
529253,502,543,554,570,536,562,556,720,2025-04-15 14:03:52.061
529254,501,536,550,564,533,557,555,721,2025-04-15 14:03:52.065
529255,503,543,557,571,538,562,561,722,2025-04-15 14:03:52.069
529256,502,553,560,579,541,571,562,723,2025-04-15 14:03:52.073
529257,500,550,559,579,540,569,560,724,2025-04-15 14:03:52.077
529258,505,543,556,576,536,560,558,725,2025-04-15 14:03:52.081
529259,500,538,551,565,533,558,555,726,2025-04-15 14:03:52.085
529260,504,544,558,572,538,561,561,727,2025-04-15 14:03:52.089
529261,504,550,563,577,543,568,566,728,2025-04-15 14:03:52.093
529262,499,548,556,576,537,566,558,729,2025-04-15 14:03:52.097
529263,500,543,554,571,536,561,558,730,2025-04-15 14:03:52.101
529264,499,535,548,564,528,556,550,731,2025-04-15 14:03:52.105
529265,502,542,556,570,537,561,560,732,2025-04-15 14:03:52.109
529266,499,550,558,578,542,567,560,733,2025-04-15 14:03:52.113
529267,500,547,559,577,540,567,560,734,2025-04-15 14:03:52.117
529268,499,543,550,571,532,561,552,735,2025-04-15 14:03:52.121
529269,500,538,548,566,531,557,551,736,2025-04-15 14:03:52.125
529270,499,545,551,572,540,562,553,737,2025-04-15 14:03:52.129
529271,501,548,561,576,541,567,565,738,2025-04-15 14:03:52.133
529272,499,544,555,573,538,565,560,739,2025-04-15 14:03:52.137
529273,506,537,549,567,532,557,555,740,2025-04-15 14:03:52.141
529274,497,538,545,567,528,556,548,741,2025-04-15 14:03:52.146
529275,504,544,554,570,537,561,560,742,2025-04-15 14:03:52.150
529276,498,549,558,578,538,567,560,743,2025-04-15 14:03:52.154
529277,497,549,556,576,536,568,556,744,2025-04-15 14:03:52.158
529278,496,540,548,566,530,557,550,745,2025-04-15 14:03:52.162
